id;email;name;gender;major;year;name_ar;place_of_birth_en;place_of_birth_ar;date_of_birth_en;date_of_birth_ar;nationality;phone
1;Jessyca77@hotmail.com;calculate;MALE;Rand frictionless;93710;client-server Frozen next;bypassing Account;connect USB;Shoes;Administrator;Planner invoice;830.857.5823 x235
2;Alexandre_Borer72@gmail.com;Maine;FEMALE;bypassing;84864;Iran;Uganda quantify;invoice;transmit;revolutionary solution-oriented Pound;quantifying;974-797-0999
3;Leon62@gmail.com;online system;FEMALE;collaborative;18380;Bedfordshire Rustic Specialist;services Course;Multi-lateral world-class Account;superstructure;Illinois object-oriented PNG;Supervisor cross-platform;795.915.9284
4;Jamie19@hotmail.com;integrated;MALE;known enable;75141;killer Lead;Azerbaijanian calculating;Avon;Buckinghamshire transmitter;Steel Triple-buffered Fiji;microchip Ruble;1-285-430-6956
5;Maiya65@gmail.com;magnetic Home invoice;FEMALE;Card;99183;Handcrafted;invoice Parks primary;Pound orange;gold Networked out-of-the-box;clear-thinking Future Nevada;Iceland;(930) 719-9625
6;Bobbie3@gmail.com;Handcrafted markets program;MALE;ROI Steel deposit;19785;Parkways;XML Bedfordshire;Bacon Small;integrated;Vermont target;efficient Bacon incremental;(721) 546-9665 x6560
7;Boyd.Hoeger@hotmail.com;Ergonomic Idaho parsing;FEMALE;transition;71819;USB generate;Buckinghamshire;microchip card Rubber;IB overriding;Micronesia Creative;Games;848.293.8535 x31825
8;Leone44@yahoo.com;invoice Computer;FEMALE;optical;66579;Regional model;interface;e-enable;Soap Bedfordshire Account;deposit purple haptic;haptic Coordinator;1-786-834-3587 x181
9;Freeda.Price46@hotmail.com;eco-centric Buckinghamshire;MALE;Dam Branding maximize;25389;optimal e-business;Strategist even-keeled;experiences;Investment Plastic;AI Dollar Wooden;Agent;276-661-7298
10;Herminio.Schumm@gmail.com;input discrete quantifying;FEMALE;Central;77312;B2B;HDD dynamic;lime;Intuitive;North;ubiquitous;1-565-717-6389
